DepartmentID,Year,SegmentID,ProfileID,Sales,Customers,department,profile,segment
A,1999,1,NULL,1989.77,347,Shirts,NULL,"Elite Customers"
A,1999,1,1,6270.3,616,Shirts,"City Slickers","Elite Customers"
A,1999,1,2,7131.06,657,Shirts,"Rich & Richer","Elite Customers"
A,1999,1,3,7293.91,665,Shirts,"Mr. & Mrs. Smiths","Elite Customers"
A,1999,1,4,1995.79,348,Shirts,"Blue Collar Royalty","Elite Customers"
A,1999,1,5,9664.38,765,Shirts,"Pinched Pockets","Elite Customers"
A,1999,1,6,1518.38,303,Shirts,"Normal Families","Elite Customers"
A,1999,2,NULL,12049.2,829,Shirts,NULL,"Core Customers"
A,1999,2,1,2882.61,405,Shirts,"City Slickers","Core Customers"
A,1999,2,2,4608.67,513,Shirts,"Rich & Richer","Core Customers"
A,1999,2,3,10086.8,758,Shirts,"Mr. & Mrs. Smiths","Core Customers"
A,1999,2,4,7.09,20,Shirts,"Blue Collar Royalty","Core Customers"
A,1999,2,5,2095.27,346,Shirts,"Pinched Pockets","Core Customers"
A,1999,2,6,1261.1,268,Shirts,"Normal Families","Core Customers"
A,1999,3,NULL,2559.19,376,Shirts,NULL,"Power Shoppers"
A,1999,3,1,12255.7,822,Shirts,"City Slickers","Power Shoppers"
A,1999,3,2,1674.41,304,Shirts,"Rich & Richer","Power Shoppers"
A,1999,3,3,240.03,115,Shirts,"Mr. & Mrs. Smiths","Power Shoppers"
A,1999,3,4,7208.34,630,Shirts,"Blue Collar Royalty","Power Shoppers"
A,1999,3,5,2600.68,379,Shirts,"Pinched Pockets","Power Shoppers"
A,1999,3,6,75.37,64,Shirts,"Normal Families","Power Shoppers"
A,1999,4,NULL,2456.74,369,Shirts,NULL,"Infrequent Customers"
A,1999,4,1,9881.91,739,Shirts,"City Slickers","Infrequent Customers"
A,1999,4,2,230.51,113,Shirts,"Rich & Richer","Infrequent Customers"
A,1999,4,3,1949.04,328,Shirts,"Mr. & Mrs. Smiths","Infrequent Customers"
A,1999,4,4,9214.39,714,Shirts,"Blue Collar Royalty","Infrequent Customers"
A,1999,4,5,19.62,33,Shirts,"Pinched Pockets","Infrequent Customers"
A,1999,4,6,990.71,234,Shirts,"Normal Families","Infrequent Customers"
A,1999,5,NULL,12282.5,804,Shirts,NULL,"New Customers"
A,1999,5,1,4141.88,467,Shirts,"City Slickers","New Customers"
A,1999,5,2,8902.07,684,Shirts,"Rich & Richer","New Customers"
A,1999,5,3,13617.9,846,Shirts,"Mr. & Mrs. Smiths","New Customers"
A,1999,5,4,16.97,30,Shirts,"Blue Collar Royalty","New Customers"
A,1999,5,5,20.7,33,Shirts,"Pinched Pockets","New Customers"
A,1999,5,6,103.4,74,Shirts,"Normal Families","New Customers"
A,2000,1,NULL,2220.17,319,Shirts,NULL,"Elite Customers"
A,2000,1,1,6996.35,567,Shirts,"City Slickers","Elite Customers"
A,2000,1,2,7956.79,605,Shirts,"Rich & Richer","Elite Customers"
A,2000,1,3,8138.5,612,Shirts,"Mr. & Mrs. Smiths","Elite Customers"
A,2000,1,4,2226.88,320,Shirts,"Blue Collar Royalty","Elite Customers"
A,2000,1,5,10783.5,704,Shirts,"Pinched Pockets","Elite Customers"
A,2000,1,6,1694.2,279,Shirts,"Normal Families","Elite Customers"
A,2000,2,NULL,11171.9,811,Shirts,NULL,"Core Customers"
A,2000,2,1,2672.74,396,Shirts,"City Slickers","Core Customers"
A,2000,2,2,4273.12,501,Shirts,"Rich & Richer","Core Customers"
A,2000,2,3,9352.37,742,Shirts,"Mr. & Mrs. Smiths","Core Customers"
A,2000,2,4,6.58,20,Shirts,"Blue Collar Royalty","Core Customers"
A,2000,2,5,1942.72,338,Shirts,"Pinched Pockets","Core Customers"
A,2000,2,6,1169.28,262,Shirts,"Normal Families","Core Customers"
A,2000,3,NULL,2468.8,381,Shirts,NULL,"Power Shoppers"
A,2000,3,1,11822.8,833,Shirts,"City Slickers","Power Shoppers"
A,2000,3,2,1615.26,308,Shirts,"Rich & Richer","Power Shoppers"
A,2000,3,3,231.55,117,Shirts,"Mr. & Mrs. Smiths","Power Shoppers"
A,2000,3,4,6953.72,639,Shirts,"Blue Collar Royalty","Power Shoppers"
A,2000,3,5,2508.82,384,Shirts,"Pinched Pockets","Power Shoppers"
A,2000,3,6,72.71,65,Shirts,"Normal Families","Power Shoppers"
A,2000,4,NULL,2496.34,367,Shirts,NULL,"Infrequent Customers"
A,2000,4,1,10041.2,736,Shirts,"City Slickers","Infrequent Customers"
A,2000,4,2,234.22,112,Shirts,"Rich & Richer","Infrequent Customers"
A,2000,4,3,1980.46,327,Shirts,"Mr. & Mrs. Smiths","Infrequent Customers"
A,2000,4,4,9362.93,711,Shirts,"Blue Collar Royalty","Infrequent Customers"
A,2000,4,5,19.93,33,Shirts,"Pinched Pockets","Infrequent Customers"
A,2000,4,6,1006.68,233,Shirts,"Normal Families","Infrequent Customers"
A,2000,5,NULL,14627.5,888,Shirts,NULL,"New Customers"
A,2000,5,1,4932.67,516,Shirts,"City Slickers","New Customers"
A,2000,5,2,10601.7,756,Shirts,"Rich & Richer","New Customers"
A,2000,5,3,16217.9,935,Shirts,"Mr. & Mrs. Smiths","New Customers"
A,2000,5,4,20.21,33,Shirts,"Blue Collar Royalty","New Customers"
A,2000,5,5,24.65,36,Shirts,"Pinched Pockets","New Customers"
A,2000,5,6,123.14,81,Shirts,"Normal Families","New Customers"
B,1999,1,NULL,6791.26,616,"Women's Jeans",NULL,"Elite Customers"
B,1999,1,1,21401.1,1093,"Women's Jeans","City Slickers","Elite Customers"
B,1999,1,2,24339,1166,"Women's Jeans","Rich & Richer","Elite Customers"
B,1999,1,3,24894.8,1179,"Women's Jeans","Mr. & Mrs. Smiths","Elite Customers"
B,1999,1,4,6811.81,617,"Women's Jeans","Blue Collar Royalty","Elite Customers"
B,1999,1,5,32985.5,1358,"Women's Jeans","Pinched Pockets","Elite Customers"
B,1999,1,6,5182.39,538,"Women's Jeans","Normal Families","Elite Customers"
B,1999,2,NULL,31260.3,1282,"Women's Jeans",NULL,"Core Customers"
B,1999,2,1,7478.65,627,"Women's Jeans","City Slickers","Core Customers"
B,1999,2,2,11956.7,793,"Women's Jeans","Rich & Richer","Core Customers"
B,1999,2,3,26169.1,1173,"Women's Jeans","Mr. & Mrs. Smiths","Core Customers"
B,1999,2,4,18.41,31,"Women's Jeans","Blue Collar Royalty","Core Customers"
B,1999,2,5,5435.98,534,"Women's Jeans","Pinched Pockets","Core Customers"
B,1999,2,6,3271.79,415,"Women's Jeans","Normal Families","Core Customers"
B,1999,3,NULL,4878.62,498,"Women's Jeans",NULL,"Power Shoppers"
B,1999,3,1,23363.1,1090,"Women's Jeans","City Slickers","Power Shoppers"
B,1999,3,2,3191.94,403,"Women's Jeans","Rich & Richer","Power Shoppers"
B,1999,3,3,457.57,153,"Women's Jeans","Mr. & Mrs. Smiths","Power Shoppers"
B,1999,3,4,13741.3,836,"Women's Jeans","Blue Collar Royalty","Power Shoppers"
B,1999,3,5,4957.71,502,"Women's Jeans","Pinched Pockets","Power Shoppers"
B,1999,3,6,143.69,85,"Women's Jeans","Normal Families","Power Shoppers"
B,1999,4,NULL,7009.74,598,"Women's Jeans",NULL,"Infrequent Customers"
B,1999,4,1,28195.8,1199,"Women's Jeans","City Slickers","Infrequent Customers"
B,1999,4,2,657.7,183,"Women's Jeans","Rich & Richer","Infrequent Customers"
B,1999,4,3,5561.14,533,"Women's Jeans","Mr. & Mrs. Smiths","Infrequent Customers"
B,1999,4,4,26291.2,1158,"Women's Jeans","Blue Collar Royalty","Infrequent Customers"
B,1999,4,5,55.97,53,"Women's Jeans","Pinched Pockets","Infrequent Customers"
B,1999,4,6,2826.76,380,"Women's Jeans","Normal Families","Infrequent Customers"
B,1999,5,NULL,29342.8,1193,"Women's Jeans",NULL,"New Customers"
B,1999,5,1,9894.89,693,"Women's Jeans","City Slickers","New Customers"
B,1999,5,2,21266.9,1016,"Women's Jeans","Rich & Richer","New Customers"
B,1999,5,3,32533,1256,"Women's Jeans","Mr. & Mrs. Smiths","New Customers"
B,1999,5,4,40.55,44,"Women's Jeans","Blue Collar Royalty","New Customers"
B,1999,5,5,49.45,49,"Women's Jeans","Pinched Pockets","New Customers"
B,1999,5,6,247.01,109,"Women's Jeans","Normal Families","New Customers"
B,2000,1,NULL,6110.94,509,"Women's Jeans",NULL,"Elite Customers"
B,2000,1,1,19257.2,903,"Women's Jeans","City Slickers","Elite Customers"
B,2000,1,2,21900.8,963,"Women's Jeans","Rich & Richer","Elite Customers"
B,2000,1,3,22400.9,974,"Women's Jeans","Mr. & Mrs. Smiths","Elite Customers"
B,2000,1,4,6129.43,510,"Women's Jeans","Blue Collar Royalty","Elite Customers"
B,2000,1,5,29681.1,1121,"Women's Jeans","Pinched Pockets","Elite Customers"
B,2000,1,6,4663.24,444,"Women's Jeans","Normal Families","Elite Customers"
B,2000,2,NULL,23374.2,1126,"Women's Jeans",NULL,"Core Customers"
B,2000,2,1,5591.99,551,"Women's Jeans","City Slickers","Core Customers"
B,2000,2,2,8940.37,696,"Women's Jeans","Rich & Richer","Core Customers"
B,2000,2,3,19567.3,1030,"Women's Jeans","Mr. & Mrs. Smiths","Core Customers"
B,2000,2,4,13.76,27,"Women's Jeans","Blue Collar Royalty","Core Customers"
B,2000,2,5,4064.63,469,"Women's Jeans","Pinched Pockets","Core Customers"
B,2000,2,6,2446.41,364,"Women's Jeans","Normal Families","Core Customers"
B,2000,3,NULL,3795.36,453,"Women's Jeans",NULL,"Power Shoppers"
B,2000,3,1,18175.5,992,"Women's Jeans","City Slickers","Power Shoppers"
B,2000,3,2,2483.19,367,"Women's Jeans","Rich & Richer","Power Shoppers"
B,2000,3,3,355.97,139,"Women's Jeans","Mr. & Mrs. Smiths","Power Shoppers"
B,2000,3,4,10690.2,761,"Women's Jeans","Blue Collar Royalty","Power Shoppers"
B,2000,3,5,3856.89,457,"Women's Jeans","Pinched Pockets","Power Shoppers"
B,2000,3,6,111.78,78,"Women's Jeans","Normal Families","Power Shoppers"
B,2000,4,NULL,5744.09,535,"Women's Jeans",NULL,"Infrequent Customers"
B,2000,4,1,23104.9,1073,"Women's Jeans","City Slickers","Infrequent Customers"
B,2000,4,2,538.95,164,"Women's Jeans","Rich & Richer","Infrequent Customers"
B,2000,4,3,4557.04,476,"Women's Jeans","Mr. & Mrs. Smiths","Infrequent Customers"
B,2000,4,4,21544.1,1036,"Women's Jeans","Blue Collar Royalty","Infrequent Customers"
B,2000,4,5,45.86,48,"Women's Jeans","Pinched Pockets","Infrequent Customers"
B,2000,4,6,2316.37,340,"Women's Jeans","Normal Families","Infrequent Customers"
B,2000,5,NULL,28181.2,1183,"Women's Jeans",NULL,"New Customers"
B,2000,5,1,9503.18,687,"Women's Jeans","City Slickers","New Customers"
B,2000,5,2,20425,1007,"Women's Jeans","Rich & Richer","New Customers"
B,2000,5,3,31245.1,1246,"Women's Jeans","Mr. & Mrs. Smiths","New Customers"
B,2000,5,4,38.94,44,"Women's Jeans","Blue Collar Royalty","New Customers"
B,2000,5,5,47.49,49,"Women's Jeans","Pinched Pockets","New Customers"
B,2000,5,6,237.23,109,"Women's Jeans","Normal Families","New Customers"
C,1999,1,NULL,10750.7,1778,"Cowboy Hats",NULL,"Elite Customers"
C,1999,1,1,33878.2,3157,"Cowboy Hats","City Slickers","Elite Customers"
C,1999,1,2,38528.9,3366,"Cowboy Hats","Rich & Richer","Elite Customers"
C,1999,1,3,39408.8,3405,"Cowboy Hats","Mr. & Mrs. Smiths","Elite Customers"
C,1999,1,4,10783.2,1781,"Cowboy Hats","Blue Collar Royalty","Elite Customers"
C,1999,1,5,52216.4,3919,"Cowboy Hats","Pinched Pockets","Elite Customers"
C,1999,1,6,8203.8,1553,"Cowboy Hats","Normal Families","Elite Customers"
C,1999,2,NULL,53317.8,3840,"Cowboy Hats",NULL,"Core Customers"
C,1999,2,1,12755.6,1878,"Cowboy Hats","City Slickers","Core Customers"
C,1999,2,2,20393.4,2375,"Cowboy Hats","Rich & Richer","Core Customers"
C,1999,2,3,44634.1,3514,"Cowboy Hats","Mr. & Mrs. Smiths","Core Customers"
C,1999,2,4,31.4,93,"Cowboy Hats","Blue Collar Royalty","Core Customers"
C,1999,2,5,9271.63,1602,"Cowboy Hats","Pinched Pockets","Core Customers"
C,1999,2,6,5580.38,1242,"Cowboy Hats","Normal Families","Core Customers"
C,1999,3,NULL,14267.8,1954,"Cowboy Hats",NULL,"Power Shoppers"
C,1999,3,1,68326.6,4276,"Cowboy Hats","City Slickers","Power Shoppers"
C,1999,3,2,9335,1581,"Cowboy Hats","Rich & Richer","Power Shoppers"
C,1999,3,3,1338.2,598,"Cowboy Hats","Mr. & Mrs. Smiths","Power Shoppers"
C,1999,3,4,40187.3,3280,"Cowboy Hats","Blue Collar Royalty","Power Shoppers"
C,1999,3,5,14499.1,1970,"Cowboy Hats","Pinched Pockets","Power Shoppers"
C,1999,3,6,420.22,335,"Cowboy Hats","Normal Families","Power Shoppers"
C,1999,4,NULL,21042.4,2377,"Cowboy Hats",NULL,"Infrequent Customers"
C,1999,4,1,84640.4,4767,"Cowboy Hats","City Slickers","Infrequent Customers"
C,1999,4,2,1974.34,728,"Cowboy Hats","Rich & Richer","Infrequent Customers"
C,1999,4,3,16693.9,2117,"Cowboy Hats","Mr. & Mrs. Smiths","Infrequent Customers"
C,1999,4,4,78923,4603,"Cowboy Hats","Blue Collar Royalty","Infrequent Customers"
C,1999,4,5,168.01,212,"Cowboy Hats","Pinched Pockets","Infrequent Customers"
C,1999,4,6,8485.6,1509,"Cowboy Hats","Normal Families","Infrequent Customers"
C,1999,5,NULL,86981.1,4712,"Cowboy Hats",NULL,"New Customers"
C,1999,5,1,29331.5,2736,"Cowboy Hats","City Slickers","New Customers"
C,1999,5,2,63041.8,4012,"Cowboy Hats","Rich & Richer","New Customers"
C,1999,5,3,96438,4962,"Cowboy Hats","Mr. & Mrs. Smiths","New Customers"
C,1999,5,4,120.2,175,"Cowboy Hats","Blue Collar Royalty","New Customers"
C,1999,5,5,146.58,193,"Cowboy Hats","Pinched Pockets","New Customers"
C,1999,5,6,732.21,432,"Cowboy Hats","Normal Families","New Customers"
C,2000,1,NULL,11320.9,1589,"Cowboy Hats",NULL,"Elite Customers"
C,2000,1,1,35675.3,2821,"Cowboy Hats","City Slickers","Elite Customers"
C,2000,1,2,40572.7,3008,"Cowboy Hats","Rich & Richer","Elite Customers"
C,2000,1,3,41499.3,3043,"Cowboy Hats","Mr. & Mrs. Smiths","Elite Customers"
C,2000,1,4,11355.2,1592,"Cowboy Hats","Blue Collar Royalty","Elite Customers"
C,2000,1,5,54986.2,3502,"Cowboy Hats","Pinched Pockets","Elite Customers"
C,2000,1,6,8638.97,1388,"Cowboy Hats","Normal Families","Elite Customers"
C,2000,2,NULL,46655.7,3649,"Cowboy Hats",NULL,"Core Customers"
C,2000,2,1,11161.8,1785,"Cowboy Hats","City Slickers","Core Customers"
C,2000,2,2,17845.3,2257,"Cowboy Hats","Rich & Richer","Core Customers"
C,2000,2,3,39057.1,3339,"Cowboy Hats","Mr. & Mrs. Smiths","Core Customers"
C,2000,2,4,27.47,89,"Cowboy Hats","Blue Collar Royalty","Core Customers"
C,2000,2,5,8113.14,1522,"Cowboy Hats","Pinched Pockets","Core Customers"
C,2000,2,6,4883.11,1181,"Cowboy Hats","Normal Families","Core Customers"
C,2000,3,NULL,12989.8,1924,"Cowboy Hats",NULL,"Power Shoppers"
C,2000,3,1,62206.4,4210,"Cowboy Hats","City Slickers","Power Shoppers"
C,2000,3,2,8498.84,1556,"Cowboy Hats","Rich & Richer","Power Shoppers"
C,2000,3,3,1218.33,589,"Cowboy Hats","Mr. & Mrs. Smiths","Power Shoppers"
C,2000,3,4,36587.6,3229,"Cowboy Hats","Blue Collar Royalty","Power Shoppers"
C,2000,3,5,13200.4,1939,"Cowboy Hats","Pinched Pockets","Power Shoppers"
C,2000,3,6,382.58,330,"Cowboy Hats","Normal Families","Power Shoppers"
C,2000,4,NULL,20179.2,2300,"Cowboy Hats",NULL,"Infrequent Customers"
C,2000,4,1,81168.2,4613,"Cowboy Hats","City Slickers","Infrequent Customers"
C,2000,4,2,1893.35,704,"Cowboy Hats","Rich & Richer","Infrequent Customers"
C,2000,4,3,16009,2049,"Cowboy Hats","Mr. & Mrs. Smiths","Infrequent Customers"
C,2000,4,4,75685.4,4454,"Cowboy Hats","Blue Collar Royalty","Infrequent Customers"
C,2000,4,5,161.12,206,"Cowboy Hats","Pinched Pockets","Infrequent Customers"
C,2000,4,6,8137.5,1461,"Cowboy Hats","Normal Families","Infrequent Customers"
C,2000,5,NULL,97762.5,5057,"Cowboy Hats",NULL,"New Customers"
C,2000,5,1,32967.2,2936,"Cowboy Hats","City Slickers","New Customers"
C,2000,5,2,70855.9,4305,"Cowboy Hats","Rich & Richer","New Customers"
C,2000,5,3,108392,5324,"Cowboy Hats","Mr. & Mrs. Smiths","New Customers"
C,2000,5,4,135.1,188,"Cowboy Hats","Blue Collar Royalty","New Customers"
C,2000,5,5,164.75,208,"Cowboy Hats","Pinched Pockets","New Customers"
C,2000,5,6,822.97,464,"Cowboy Hats","Normal Families","New Customers"
D,1999,1,NULL,0,3,Boots,NULL,"Elite Customers"
D,1999,1,1,0.01,5,Boots,"City Slickers","Elite Customers"
D,1999,1,2,0.01,5,Boots,"Rich & Richer","Elite Customers"
D,1999,1,3,0.01,5,Boots,"Mr. & Mrs. Smiths","Elite Customers"
D,1999,1,4,0,3,Boots,"Blue Collar Royalty","Elite Customers"
D,1999,1,5,0.02,6,Boots,"Pinched Pockets","Elite Customers"
D,1999,1,6,0,2,Boots,"Normal Families","Elite Customers"
D,1999,2,NULL,0.02,5,Boots,NULL,"Core Customers"
D,1999,2,1,0,2,Boots,"City Slickers","Core Customers"
D,1999,2,2,0.01,3,Boots,"Rich & Richer","Core Customers"
D,1999,2,3,0.01,5,Boots,"Mr. & Mrs. Smiths","Core Customers"
D,1999,2,4,0,0,Boots,"Blue Collar Royalty","Core Customers"
D,1999,2,5,0,2,Boots,"Pinched Pockets","Core Customers"
D,1999,2,6,0,2,Boots,"Normal Families","Core Customers"
D,1999,3,NULL,0,2,Boots,NULL,"Power Shoppers"
D,1999,3,1,0.02,5,Boots,"City Slickers","Power Shoppers"
D,1999,3,2,0,2,Boots,"Rich & Richer","Power Shoppers"
D,1999,3,3,0,1,Boots,"Mr. & Mrs. Smiths","Power Shoppers"
D,1999,3,4,0.01,4,Boots,"Blue Collar Royalty","Power Shoppers"
D,1999,3,5,0,2,Boots,"Pinched Pockets","Power Shoppers"
D,1999,3,6,0,0,Boots,"Normal Families","Power Shoppers"
D,1999,4,NULL,0.01,3,Boots,NULL,"Infrequent Customers"
D,1999,4,1,0.02,6,Boots,"City Slickers","Infrequent Customers"
D,1999,4,2,0,1,Boots,"Rich & Richer","Infrequent Customers"
D,1999,4,3,0,2,Boots,"Mr. & Mrs. Smiths","Infrequent Customers"
D,1999,4,4,0.02,5,Boots,"Blue Collar Royalty","Infrequent Customers"
D,1999,4,5,0,0,Boots,"Pinched Pockets","Infrequent Customers"
D,1999,4,6,0,2,Boots,"Normal Families","Infrequent Customers"
D,1999,5,NULL,0.01,4,Boots,NULL,"New Customers"
D,1999,5,1,0,2,Boots,"City Slickers","New Customers"
D,1999,5,2,0.01,4,Boots,"Rich & Richer","New Customers"
D,1999,5,3,0.01,4,Boots,"Mr. & Mrs. Smiths","New Customers"
D,1999,5,4,0,0,Boots,"Blue Collar Royalty","New Customers"
D,1999,5,5,0,0,Boots,"Pinched Pockets","New Customers"
D,1999,5,6,0,0,Boots,"Normal Families","New Customers"
D,2000,1,NULL,3810.11,2134,Boots,NULL,"Elite Customers"
D,2000,1,1,12006.7,3788,Boots,"City Slickers","Elite Customers"
D,2000,1,2,13654.9,4039,Boots,"Rich & Richer","Elite Customers"
D,2000,1,3,13966.8,4085,Boots,"Mr. & Mrs. Smiths","Elite Customers"
D,2000,1,4,3821.64,2137,Boots,"Blue Collar Royalty","Elite Customers"
D,2000,1,5,18505.9,4702,Boots,"Pinched Pockets","Elite Customers"
D,2000,1,6,2907.48,1864,Boots,"Normal Families","Elite Customers"
D,2000,2,NULL,13514,4545,Boots,NULL,"Core Customers"
D,2000,2,1,3233.07,2223,Boots,"City Slickers","Core Customers"
D,2000,2,2,5168.97,2811,Boots,"Rich & Richer","Core Customers"
D,2000,2,3,11313.1,4159,Boots,"Mr. & Mrs. Smiths","Core Customers"
D,2000,2,4,7.96,110,Boots,"Blue Collar Royalty","Core Customers"
D,2000,2,5,2350.01,1895,Boots,"Pinched Pockets","Core Customers"
D,2000,2,6,1414.42,1471,Boots,"Normal Families","Core Customers"
D,2000,3,NULL,2858.27,2089,Boots,NULL,"Power Shoppers"
D,2000,3,1,13687.9,4570,Boots,"City Slickers","Power Shoppers"
D,2000,3,2,1870.09,1689,Boots,"Rich & Richer","Power Shoppers"
D,2000,3,3,268.08,640,Boots,"Mr. & Mrs. Smiths","Power Shoppers"
D,2000,3,4,8050.75,3505,Boots,"Blue Collar Royalty","Power Shoppers"
D,2000,3,5,2904.61,2105,Boots,"Pinched Pockets","Power Shoppers"
D,2000,3,6,84.18,358,Boots,"Normal Families","Power Shoppers"
D,2000,4,NULL,4493.94,2512,Boots,NULL,"Infrequent Customers"
D,2000,4,1,18076.3,5038,Boots,"City Slickers","Infrequent Customers"
D,2000,4,2,421.65,769,Boots,"Rich & Richer","Infrequent Customers"
D,2000,4,3,3565.24,2237,Boots,"Mr. & Mrs. Smiths","Infrequent Customers"
D,2000,4,4,16855.2,4865,Boots,"Blue Collar Royalty","Infrequent Customers"
D,2000,4,5,35.88,224,Boots,"Pinched Pockets","Infrequent Customers"
D,2000,4,6,1812.23,1595,Boots,"Normal Families","Infrequent Customers"
D,2000,5,NULL,12738.5,4224,Boots,NULL,"New Customers"
D,2000,5,1,4295.65,2453,Boots,"City Slickers","New Customers"
D,2000,5,2,9232.57,3596,Boots,"Rich & Richer","New Customers"
D,2000,5,3,14123.5,4448,Boots,"Mr. & Mrs. Smiths","New Customers"
D,2000,5,4,17.6,157,Boots,"Blue Collar Royalty","New Customers"
D,2000,5,5,21.47,173,Boots,"Pinched Pockets","New Customers"
D,2000,5,6,107.23,388,Boots,"Normal Families","New Customers"
E,1999,1,NULL,997.26,475,"Boot Accessories",NULL,"Elite Customers"
E,1999,1,1,3142.63,843,"Boot Accessories","City Slickers","Elite Customers"
E,1999,1,2,3574.04,899,"Boot Accessories","Rich & Richer","Elite Customers"
E,1999,1,3,3655.66,909,"Boot Accessories","Mr. & Mrs. Smiths","Elite Customers"
E,1999,1,4,1000.27,475,"Boot Accessories","Blue Collar Royalty","Elite Customers"
E,1999,1,5,4843.72,1046,"Boot Accessories","Pinched Pockets","Elite Customers"
E,1999,1,6,761,415,"Boot Accessories","Normal Families","Elite Customers"
E,1999,2,NULL,4012.61,923,"Boot Accessories",NULL,"Core Customers"
E,1999,2,1,959.97,452,"Boot Accessories","City Slickers","Core Customers"
E,1999,2,2,1534.78,571,"Boot Accessories","Rich & Richer","Core Customers"
E,1999,2,3,3359.09,845,"Boot Accessories","Mr. & Mrs. Smiths","Core Customers"
E,1999,2,4,2.36,22,"Boot Accessories","Blue Collar Royalty","Core Customers"
E,1999,2,5,697.77,385,"Boot Accessories","Pinched Pockets","Core Customers"
E,1999,2,6,419.97,299,"Boot Accessories","Normal Families","Core Customers"
E,1999,3,NULL,758.1,395,"Boot Accessories",NULL,"Power Shoppers"
E,1999,3,1,3630.45,864,"Boot Accessories","City Slickers","Power Shoppers"
E,1999,3,2,496,319,"Boot Accessories","Rich & Richer","Power Shoppers"
E,1999,3,3,71.1,121,"Boot Accessories","Mr. & Mrs. Smiths","Power Shoppers"
E,1999,3,4,2135.3,663,"Boot Accessories","Blue Collar Royalty","Power Shoppers"
E,1999,3,5,770.39,398,"Boot Accessories","Pinched Pockets","Power Shoppers"
E,1999,3,6,22.33,68,"Boot Accessories","Normal Families","Power Shoppers"
E,1999,4,NULL,1113.33,479,"Boot Accessories",NULL,"Infrequent Customers"
E,1999,4,1,4478.24,961,"Boot Accessories","City Slickers","Infrequent Customers"
E,1999,4,2,104.46,147,"Boot Accessories","Rich & Richer","Infrequent Customers"
E,1999,4,3,883.26,427,"Boot Accessories","Mr. & Mrs. Smiths","Infrequent Customers"
E,1999,4,4,4175.74,928,"Boot Accessories","Blue Collar Royalty","Infrequent Customers"
E,1999,4,5,8.89,43,"Boot Accessories","Pinched Pockets","Infrequent Customers"
E,1999,4,6,448.97,304,"Boot Accessories","Normal Families","Infrequent Customers"
E,1999,5,NULL,7068.85,1177,"Boot Accessories",NULL,"New Customers"
E,1999,5,1,2383.74,684,"Boot Accessories","City Slickers","New Customers"
E,1999,5,2,5123.33,1002,"Boot Accessories","Rich & Richer","New Customers"
E,1999,5,3,7837.41,1240,"Boot Accessories","Mr. & Mrs. Smiths","New Customers"
E,1999,5,4,9.77,44,"Boot Accessories","Blue Collar Royalty","New Customers"
E,1999,5,5,11.91,48,"Boot Accessories","Pinched Pockets","New Customers"
E,1999,5,6,59.51,108,"Boot Accessories","Normal Families","New Customers"
E,2000,1,NULL,1140.34,442,"Boot Accessories",NULL,"Elite Customers"
E,2000,1,1,3593.53,785,"Boot Accessories","City Slickers","Elite Customers"
E,2000,1,2,4086.84,837,"Boot Accessories","Rich & Richer","Elite Customers"
E,2000,1,3,4180.17,846,"Boot Accessories","Mr. & Mrs. Smiths","Elite Customers"
E,2000,1,4,1143.79,443,"Boot Accessories","Blue Collar Royalty","Elite Customers"
E,2000,1,5,5538.7,974,"Boot Accessories","Pinched Pockets","Elite Customers"
E,2000,1,6,870.19,386,"Boot Accessories","Normal Families","Elite Customers"
E,2000,2,NULL,3812.77,914,"Boot Accessories",NULL,"Core Customers"
E,2000,2,1,912.16,447,"Boot Accessories","City Slickers","Core Customers"
E,2000,2,2,1458.34,565,"Boot Accessories","Rich & Richer","Core Customers"
E,2000,2,3,3191.8,836,"Boot Accessories","Mr. & Mrs. Smiths","Core Customers"
E,2000,2,4,2.25,22,"Boot Accessories","Blue Collar Royalty","Core Customers"
E,2000,2,5,663.02,381,"Boot Accessories","Pinched Pockets","Core Customers"
E,2000,2,6,399.06,296,"Boot Accessories","Normal Families","Core Customers"
E,2000,3,NULL,749.47,405,"Boot Accessories",NULL,"Power Shoppers"
E,2000,3,1,3589.12,886,"Boot Accessories","City Slickers","Power Shoppers"
E,2000,3,2,490.36,328,"Boot Accessories","Rich & Richer","Power Shoppers"
E,2000,3,3,70.29,124,"Boot Accessories","Mr. & Mrs. Smiths","Power Shoppers"
E,2000,3,4,2110.99,680,"Boot Accessories","Blue Collar Royalty","Power Shoppers"
E,2000,3,5,761.62,408,"Boot Accessories","Pinched Pockets","Power Shoppers"
E,2000,3,6,22.07,69,"Boot Accessories","Normal Families","Power Shoppers"
E,2000,4,NULL,1159.35,483,"Boot Accessories",NULL,"Infrequent Customers"
E,2000,4,1,4663.35,969,"Boot Accessories","City Slickers","Infrequent Customers"
E,2000,4,2,108.78,148,"Boot Accessories","Rich & Richer","Infrequent Customers"
E,2000,4,3,919.77,430,"Boot Accessories","Mr. & Mrs. Smiths","Infrequent Customers"
E,2000,4,4,4348.34,936,"Boot Accessories","Blue Collar Royalty","Infrequent Customers"
E,2000,4,5,9.26,43,"Boot Accessories","Pinched Pockets","Infrequent Customers"
E,2000,4,6,467.52,307,"Boot Accessories","Normal Families","Infrequent Customers"
E,2000,5,NULL,8627.36,1316,"Boot Accessories",NULL,"New Customers"
E,2000,5,1,2909.3,764,"Boot Accessories","City Slickers","New Customers"
E,2000,5,2,6252.9,1121,"Boot Accessories","Rich & Richer","New Customers"
E,2000,5,3,9565.36,1386,"Boot Accessories","Mr. & Mrs. Smiths","New Customers"
E,2000,5,4,11.92,49,"Boot Accessories","Blue Collar Royalty","New Customers"
E,2000,5,5,14.54,54,"Boot Accessories","Pinched Pockets","New Customers"
E,2000,5,6,72.63,121,"Boot Accessories","Normal Families","New Customers"
F,1999,1,NULL,1784.37,1956,Formalwear,NULL,"Elite Customers"
F,1999,1,1,5623.03,3472,Formalwear,"City Slickers","Elite Customers"
F,1999,1,2,6394.94,3702,Formalwear,"Rich & Richer","Elite Customers"
F,1999,1,3,6540.98,3744,Formalwear,"Mr. & Mrs. Smiths","Elite Customers"
F,1999,1,4,1789.77,1959,Formalwear,"Blue Collar Royalty","Elite Customers"
F,1999,1,5,8666.75,4310,Formalwear,"Pinched Pockets","Elite Customers"
F,1999,1,6,1361.65,1708,Formalwear,"Normal Families","Elite Customers"
F,1999,2,NULL,14771.7,5457,Formalwear,NULL,"Core Customers"
F,1999,2,1,3533.95,2669,Formalwear,"City Slickers","Core Customers"
F,1999,2,2,5650.01,3375,Formalwear,"Rich & Richer","Core Customers"
F,1999,2,3,12365.9,4993,Formalwear,"Mr. & Mrs. Smiths","Core Customers"
F,1999,2,4,8.7,132,Formalwear,"Blue Collar Royalty","Core Customers"
F,1999,2,5,2568.71,2276,Formalwear,"Pinched Pockets","Core Customers"
F,1999,2,6,1546.05,1765,Formalwear,"Normal Families","Core Customers"
F,1999,3,NULL,1816.92,1882,Formalwear,NULL,"Power Shoppers"
F,1999,3,1,8701.01,4120,Formalwear,"City Slickers","Power Shoppers"
F,1999,3,2,1188.76,1523,Formalwear,"Rich & Richer","Power Shoppers"
F,1999,3,3,170.41,577,Formalwear,"Mr. & Mrs. Smiths","Power Shoppers"
F,1999,3,4,5117.62,3159,Formalwear,"Blue Collar Royalty","Power Shoppers"
F,1999,3,5,1846.38,1898,Formalwear,"Pinched Pockets","Power Shoppers"
F,1999,3,6,53.51,323,Formalwear,"Normal Families","Power Shoppers"
F,1999,4,NULL,1901.43,1929,Formalwear,NULL,"Infrequent Customers"
F,1999,4,1,7648.25,3868,Formalwear,"City Slickers","Infrequent Customers"
F,1999,4,2,178.4,591,Formalwear,"Rich & Richer","Infrequent Customers"
F,1999,4,3,1508.49,1718,Formalwear,"Mr. & Mrs. Smiths","Infrequent Customers"
F,1999,4,4,7131.61,3735,Formalwear,"Blue Collar Royalty","Infrequent Customers"
F,1999,4,5,15.18,172,Formalwear,"Pinched Pockets","Infrequent Customers"
F,1999,4,6,766.77,1225,Formalwear,"Normal Families","Infrequent Customers"
F,1999,5,NULL,13117,4940,Formalwear,NULL,"New Customers"
F,1999,5,1,4423.28,2869,Formalwear,"City Slickers","New Customers"
F,1999,5,2,9506.89,4206,Formalwear,"Rich & Richer","New Customers"
F,1999,5,3,14543.1,5202,Formalwear,"Mr. & Mrs. Smiths","New Customers"
F,1999,5,4,18.13,184,Formalwear,"Blue Collar Royalty","New Customers"
F,1999,5,5,22.1,203,Formalwear,"Pinched Pockets","New Customers"
F,1999,5,6,110.42,453,Formalwear,"Normal Families","New Customers"
F,2000,1,NULL,1773.22,1698,Formalwear,NULL,"Elite Customers"
F,2000,1,1,5587.9,3014,Formalwear,"City Slickers","Elite Customers"
F,2000,1,2,6354.99,3214,Formalwear,"Rich & Richer","Elite Customers"
F,2000,1,3,6500.12,3251,Formalwear,"Mr. & Mrs. Smiths","Elite Customers"
F,2000,1,4,1778.59,1700,Formalwear,"Blue Collar Royalty","Elite Customers"
F,2000,1,5,8612.61,3742,Formalwear,"Pinched Pockets","Elite Customers"
F,2000,1,6,1353.14,1483,Formalwear,"Normal Families","Elite Customers"
F,2000,2,NULL,12198.2,5037,Formalwear,NULL,"Core Customers"
F,2000,2,1,2918.26,2464,Formalwear,"City Slickers","Core Customers"
F,2000,2,2,4665.66,3115,Formalwear,"Rich & Richer","Core Customers"
F,2000,2,3,10211.5,4609,Formalwear,"Mr. & Mrs. Smiths","Core Customers"
F,2000,2,4,7.18,122,Formalwear,"Blue Collar Royalty","Core Customers"
F,2000,2,5,2121.19,2101,Formalwear,"Pinched Pockets","Core Customers"
F,2000,2,6,1276.69,1630,Formalwear,"Normal Families","Core Customers"
F,2000,3,NULL,1561.04,1800,Formalwear,NULL,"Power Shoppers"
F,2000,3,1,7475.61,3940,Formalwear,"City Slickers","Power Shoppers"
F,2000,3,2,1021.34,1456,Formalwear,"Rich & Richer","Power Shoppers"
F,2000,3,3,146.41,551,Formalwear,"Mr. & Mrs. Smiths","Power Shoppers"
F,2000,3,4,4396.89,3021,Formalwear,"Blue Collar Royalty","Power Shoppers"
F,2000,3,5,1586.34,1815,Formalwear,"Pinched Pockets","Power Shoppers"
F,2000,3,6,45.98,309,Formalwear,"Normal Families","Power Shoppers"
F,2000,4,NULL,1720.76,1813,Formalwear,NULL,"Infrequent Customers"
F,2000,4,1,6921.53,3636,Formalwear,"City Slickers","Infrequent Customers"
F,2000,4,2,161.45,555,Formalwear,"Rich & Richer","Infrequent Customers"
F,2000,4,3,1365.15,1615,Formalwear,"Mr. & Mrs. Smiths","Infrequent Customers"
F,2000,4,4,6453.98,3511,Formalwear,"Blue Collar Royalty","Infrequent Customers"
F,2000,4,5,13.74,162,Formalwear,"Pinched Pockets","Infrequent Customers"
F,2000,4,6,693.92,1151,Formalwear,"Normal Families","Infrequent Customers"
F,2000,5,NULL,13912.8,5150,Formalwear,NULL,"New Customers"
F,2000,5,1,4691.63,2990,Formalwear,"City Slickers","New Customers"
F,2000,5,2,10083.6,4384,Formalwear,"Rich & Richer","New Customers"
F,2000,5,3,15425.4,5422,Formalwear,"Mr. & Mrs. Smiths","New Customers"
F,2000,5,4,19.23,191,Formalwear,"Blue Collar Royalty","New Customers"
F,2000,5,5,23.45,211,Formalwear,"Pinched Pockets","New Customers"
F,2000,5,6,117.12,472,Formalwear,"Normal Families","New Customers"
G,1999,1,NULL,5441.55,1318,Beachwear,NULL,"Elite Customers"
G,1999,1,1,17147.8,2339,Beachwear,"City Slickers","Elite Customers"
G,1999,1,2,19501.8,2494,Beachwear,"Rich & Richer","Elite Customers"
G,1999,1,3,19947.2,2523,Beachwear,"Mr. & Mrs. Smiths","Elite Customers"
G,1999,1,4,5458.02,1320,Beachwear,"Blue Collar Royalty","Elite Customers"
G,1999,1,5,26429.9,2904,Beachwear,"Pinched Pockets","Elite Customers"
G,1999,1,6,4152.43,1151,Beachwear,"Normal Families","Elite Customers"
G,1999,2,NULL,23106.1,2633,Beachwear,NULL,"Core Customers"
G,1999,2,1,5527.84,1288,Beachwear,"City Slickers","Core Customers"
G,1999,2,2,8837.82,1628,Beachwear,"Rich & Richer","Core Customers"
G,1999,2,3,19342.9,2409,Beachwear,"Mr. & Mrs. Smiths","Core Customers"
G,1999,2,4,13.61,64,Beachwear,"Blue Collar Royalty","Core Customers"
G,1999,2,5,4018,1098,Beachwear,"Pinched Pockets","Core Customers"
G,1999,2,6,2418.34,852,Beachwear,"Normal Families","Core Customers"
G,1999,3,NULL,4089.11,1090,Beachwear,NULL,"Power Shoppers"
G,1999,3,1,19582.2,2384,Beachwear,"City Slickers","Power Shoppers"
G,1999,3,2,2675.39,881,Beachwear,"Rich & Richer","Power Shoppers"
G,1999,3,3,383.52,334,Beachwear,"Mr. & Mrs. Smiths","Power Shoppers"
G,1999,3,4,11517.6,1829,Beachwear,"Blue Collar Royalty","Power Shoppers"
G,1999,3,5,4155.4,1098,Beachwear,"Pinched Pockets","Power Shoppers"
G,1999,3,6,120.43,187,Beachwear,"Normal Families","Power Shoppers"
G,1999,4,NULL,5177.94,1228,Beachwear,NULL,"Infrequent Customers"
G,1999,4,1,20827.6,2463,Beachwear,"City Slickers","Infrequent Customers"
G,1999,4,2,485.83,376,Beachwear,"Rich & Richer","Infrequent Customers"
G,1999,4,3,4107.89,1094,Beachwear,"Mr. & Mrs. Smiths","Infrequent Customers"
G,1999,4,4,19420.7,2378,Beachwear,"Blue Collar Royalty","Infrequent Customers"
G,1999,4,5,41.34,110,Beachwear,"Pinched Pockets","Infrequent Customers"
G,1999,4,6,2088.07,780,Beachwear,"Normal Families","Infrequent Customers"
G,1999,5,NULL,31489.1,2953,Beachwear,NULL,"New Customers"
G,1999,5,1,10618.7,1715,Beachwear,"City Slickers","New Customers"
G,1999,5,2,22822.5,2514,Beachwear,"Rich & Richer","New Customers"
G,1999,5,3,34912.7,3109,Beachwear,"Mr. & Mrs. Smiths","New Customers"
G,1999,5,4,43.52,110,Beachwear,"Blue Collar Royalty","New Customers"
G,1999,5,5,53.06,121,Beachwear,"Pinched Pockets","New Customers"
G,1999,5,6,265.08,271,Beachwear,"Normal Families","New Customers"
G,2000,1,NULL,5411.74,1144,Beachwear,NULL,"Elite Customers"
G,2000,1,1,17053.9,2031,Beachwear,"City Slickers","Elite Customers"
G,2000,1,2,19394.9,2166,Beachwear,"Rich & Richer","Elite Customers"
G,2000,1,3,19837.9,2191,Beachwear,"Mr. & Mrs. Smiths","Elite Customers"
G,2000,1,4,5428.11,1146,Beachwear,"Blue Collar Royalty","Elite Customers"
G,2000,1,5,26285.1,2522,Beachwear,"Pinched Pockets","Elite Customers"
G,2000,1,6,4129.68,1000,Beachwear,"Normal Families","Elite Customers"
G,2000,2,NULL,19095.3,2431,Beachwear,NULL,"Core Customers"
G,2000,2,1,4568.31,1189,Beachwear,"City Slickers","Core Customers"
G,2000,2,2,7303.73,1504,Beachwear,"Rich & Richer","Core Customers"
G,2000,2,3,15985.3,2225,Beachwear,"Mr. & Mrs. Smiths","Core Customers"
G,2000,2,4,11.24,59,Beachwear,"Blue Collar Royalty","Core Customers"
G,2000,2,5,3320.55,1014,Beachwear,"Pinched Pockets","Core Customers"
G,2000,2,6,1998.56,787,Beachwear,"Normal Families","Core Customers"
G,2000,3,NULL,3515.94,1042,Beachwear,NULL,"Power Shoppers"
G,2000,3,1,16837.4,2281,Beachwear,"City Slickers","Power Shoppers"
G,2000,3,2,2300.38,843,Beachwear,"Rich & Richer","Power Shoppers"
G,2000,3,3,329.77,319,Beachwear,"Mr. & Mrs. Smiths","Power Shoppers"
G,2000,3,4,9903.15,1749,Beachwear,"Blue Collar Royalty","Power Shoppers"
G,2000,3,5,3572.94,1051,Beachwear,"Pinched Pockets","Power Shoppers"
G,2000,3,6,103.55,179,Beachwear,"Normal Families","Power Shoppers"
G,2000,4,NULL,4689.57,1155,Beachwear,NULL,"Infrequent Customers"
G,2000,4,1,18863.2,2316,Beachwear,"City Slickers","Infrequent Customers"
G,2000,4,2,440.01,354,Beachwear,"Rich & Richer","Infrequent Customers"
G,2000,4,3,3720.44,1028,Beachwear,"Mr. & Mrs. Smiths","Infrequent Customers"
G,2000,4,4,17589,2236,Beachwear,"Blue Collar Royalty","Infrequent Customers"
G,2000,4,5,37.44,103,Beachwear,"Pinched Pockets","Infrequent Customers"
G,2000,4,6,1891.12,733,Beachwear,"Normal Families","Infrequent Customers"
G,2000,5,NULL,33425.2,3079,Beachwear,NULL,"New Customers"
G,2000,5,1,11271.6,1788,Beachwear,"City Slickers","New Customers"
G,2000,5,2,24225.8,2622,Beachwear,"Rich & Richer","New Customers"
G,2000,5,3,37059.4,3242,Beachwear,"Mr. & Mrs. Smiths","New Customers"
G,2000,5,4,46.19,114,Beachwear,"Blue Collar Royalty","New Customers"
G,2000,5,5,56.33,126,Beachwear,"Pinched Pockets","New Customers"
G,2000,5,6,281.38,283,Beachwear,"Normal Families","New Customers"
H,1999,1,NULL,69011.6,2481,"Knick Knacks",NULL,"Elite Customers"
H,1999,1,1,217475,4405,"Knick Knacks","City Slickers","Elite Customers"
H,1999,1,2,247329,4697,"Knick Knacks","Rich & Richer","Elite Customers"
H,1999,1,3,252977,4751,"Knick Knacks","Mr. & Mrs. Smiths","Elite Customers"
H,1999,1,4,69220.5,2485,"Knick Knacks","Blue Collar Royalty","Elite Customers"
H,1999,1,5,335193,5469,"Knick Knacks","Pinched Pockets","Elite Customers"
H,1999,1,6,52662.6,2168,"Knick Knacks","Normal Families","Elite Customers"
H,1999,2,NULL,437896,6062,"Knick Knacks",NULL,"Core Customers"
H,1999,2,1,104761,2965,"Knick Knacks","City Slickers","Core Customers"
H,1999,2,2,167490,3749,"Knick Knacks","Rich & Richer","Core Customers"
H,1999,2,3,366578,5546,"Knick Knacks","Mr. & Mrs. Smiths","Core Customers"
H,1999,2,4,257.85,147,"Knick Knacks","Blue Collar Royalty","Core Customers"
H,1999,2,5,76147.4,2528,"Knick Knacks","Pinched Pockets","Core Customers"
H,1999,2,6,45831.4,1961,"Knick Knacks","Normal Families","Core Customers"
H,1999,3,NULL,77752.8,2512,"Knick Knacks",NULL,"Power Shoppers"
H,1999,3,1,372348,5498,"Knick Knacks","City Slickers","Power Shoppers"
H,1999,3,2,50871.5,2032,"Knick Knacks","Rich & Richer","Power Shoppers"
H,1999,3,3,7292.57,769,"Knick Knacks","Mr. & Mrs. Smiths","Power Shoppers"
H,1999,3,4,219002,4217,"Knick Knacks","Blue Collar Royalty","Power Shoppers"
H,1999,3,5,79013.4,2533,"Knick Knacks","Pinched Pockets","Power Shoppers"
H,1999,3,6,2289.98,431,"Knick Knacks","Normal Families","Power Shoppers"
H,1999,4,NULL,75571.6,2481,"Knick Knacks",NULL,"Infrequent Customers"
H,1999,4,1,303977,4975,"Knick Knacks","City Slickers","Infrequent Customers"
H,1999,4,2,7090.64,760,"Knick Knacks","Rich & Richer","Infrequent Customers"
H,1999,4,3,59954.3,2210,"Knick Knacks","Mr. & Mrs. Smiths","Infrequent Customers"
H,1999,4,4,283444,4804,"Knick Knacks","Blue Collar Royalty","Infrequent Customers"
H,1999,4,5,603.4,222,"Knick Knacks","Pinched Pockets","Infrequent Customers"
H,1999,4,6,30475.1,1575,"Knick Knacks","Normal Families","Infrequent Customers"
H,1999,5,NULL,259974,4487,"Knick Knacks",NULL,"New Customers"
H,1999,5,1,87667.9,2606,"Knick Knacks","City Slickers","New Customers"
H,1999,5,2,188423,3820,"Knick Knacks","Rich & Richer","New Customers"
H,1999,5,3,288240,4724,"Knick Knacks","Mr. & Mrs. Smiths","New Customers"
H,1999,5,4,359.27,167,"Knick Knacks","Blue Collar Royalty","New Customers"
H,1999,5,5,438.1,184,"Knick Knacks","Pinched Pockets","New Customers"
H,1999,5,6,2188.48,412,"Knick Knacks","Normal Families","New Customers"
H,2000,1,NULL,0.06,2,"Knick Knacks",NULL,"Elite Customers"
H,2000,1,1,0.2,4,"Knick Knacks","City Slickers","Elite Customers"
H,2000,1,2,0.23,4,"Knick Knacks","Rich & Richer","Elite Customers"
H,2000,1,3,0.23,4,"Knick Knacks","Mr. & Mrs. Smiths","Elite Customers"
H,2000,1,4,0.06,2,"Knick Knacks","Blue Collar Royalty","Elite Customers"
H,2000,1,5,0.3,5,"Knick Knacks","Pinched Pockets","Elite Customers"
H,2000,1,6,0.05,2,"Knick Knacks","Normal Families","Elite Customers"
H,2000,2,NULL,0.33,5,"Knick Knacks",NULL,"Core Customers"
H,2000,2,1,0.08,3,"Knick Knacks","City Slickers","Core Customers"
H,2000,2,2,0.13,3,"Knick Knacks","Rich & Richer","Core Customers"
H,2000,2,3,0.28,5,"Knick Knacks","Mr. & Mrs. Smiths","Core Customers"
H,2000,2,4,0,0,"Knick Knacks","Blue Collar Royalty","Core Customers"
H,2000,2,5,0.06,2,"Knick Knacks","Pinched Pockets","Core Customers"
H,2000,2,6,0.03,2,"Knick Knacks","Normal Families","Core Customers"
H,2000,3,NULL,0.06,2,"Knick Knacks",NULL,"Power Shoppers"
H,2000,3,1,0.29,5,"Knick Knacks","City Slickers","Power Shoppers"
H,2000,3,2,0.04,2,"Knick Knacks","Rich & Richer","Power Shoppers"
H,2000,3,3,0.01,1,"Knick Knacks","Mr. & Mrs. Smiths","Power Shoppers"
H,2000,3,4,0.17,4,"Knick Knacks","Blue Collar Royalty","Power Shoppers"
H,2000,3,5,0.06,2,"Knick Knacks","Pinched Pockets","Power Shoppers"
H,2000,3,6,0,0,"Knick Knacks","Normal Families","Power Shoppers"
H,2000,4,NULL,0.06,2,"Knick Knacks",NULL,"Infrequent Customers"
H,2000,4,1,0.25,4,"Knick Knacks","City Slickers","Infrequent Customers"
H,2000,4,2,0.01,1,"Knick Knacks","Rich & Richer","Infrequent Customers"
H,2000,4,3,0.05,2,"Knick Knacks","Mr. & Mrs. Smiths","Infrequent Customers"
H,2000,4,4,0.23,4,"Knick Knacks","Blue Collar Royalty","Infrequent Customers"
H,2000,4,5,0,0,"Knick Knacks","Pinched Pockets","Infrequent Customers"
H,2000,4,6,0.03,1,"Knick Knacks","Normal Families","Infrequent Customers"
H,2000,5,NULL,0.25,4,"Knick Knacks",NULL,"New Customers"
H,2000,5,1,0.09,3,"Knick Knacks","City Slickers","New Customers"
H,2000,5,2,0.18,4,"Knick Knacks","Rich & Richer","New Customers"
H,2000,5,3,0.28,5,"Knick Knacks","Mr. & Mrs. Smiths","New Customers"
H,2000,5,4,0,0,"Knick Knacks","Blue Collar Royalty","New Customers"
H,2000,5,5,0,0,"Knick Knacks","Pinched Pockets","New Customers"
H,2000,5,6,0,0,"Knick Knacks","Normal Families","New Customers"
I,1999,1,NULL,371.37,621,"Store Use",NULL,"Elite Customers"
I,1999,1,1,1170.3,1102,"Store Use","City Slickers","Elite Customers"
I,1999,1,2,1330.96,1175,"Store Use","Rich & Richer","Elite Customers"
I,1999,1,3,1361.35,1188,"Store Use","Mr. & Mrs. Smiths","Elite Customers"
I,1999,1,4,372.5,621,"Store Use","Blue Collar Royalty","Elite Customers"
I,1999,1,5,1803.78,1368,"Store Use","Pinched Pockets","Elite Customers"
I,1999,1,6,283.39,542,"Store Use","Normal Families","Elite Customers"
I,1999,2,NULL,2575.95,1585,"Store Use",NULL,"Core Customers"
I,1999,2,1,616.26,775,"Store Use","City Slickers","Core Customers"
I,1999,2,2,985.27,980,"Store Use","Rich & Richer","Core Customers"
I,1999,2,3,2156.42,1450,"Store Use","Mr. & Mrs. Smiths","Core Customers"
I,1999,2,4,1.52,38,"Store Use","Blue Collar Royalty","Core Customers"
I,1999,2,5,447.94,661,"Store Use","Pinched Pockets","Core Customers"
I,1999,2,6,269.61,513,"Store Use","Normal Families","Core Customers"
I,1999,3,NULL,502.01,688,"Store Use",NULL,"Power Shoppers"
I,1999,3,1,2404.08,1506,"Store Use","City Slickers","Power Shoppers"
I,1999,3,2,328.45,557,"Store Use","Rich & Richer","Power Shoppers"
I,1999,3,3,47.08,211,"Store Use","Mr. & Mrs. Smiths","Power Shoppers"
I,1999,3,4,1414,1155,"Store Use","Blue Collar Royalty","Power Shoppers"
I,1999,3,5,510.15,694,"Store Use","Pinched Pockets","Power Shoppers"
I,1999,3,6,14.79,118,"Store Use","Normal Families","Power Shoppers"
I,1999,4,NULL,491.86,682,"Store Use",NULL,"Infrequent Customers"
I,1999,4,1,1978.46,1368,"Store Use","City Slickers","Infrequent Customers"
I,1999,4,2,46.15,209,"Store Use","Rich & Richer","Infrequent Customers"
I,1999,4,3,390.22,608,"Store Use","Mr. & Mrs. Smiths","Infrequent Customers"
I,1999,4,4,1844.82,1321,"Store Use","Blue Collar Royalty","Infrequent Customers"
I,1999,4,5,3.93,61,"Store Use","Pinched Pockets","Infrequent Customers"
I,1999,4,6,198.35,433,"Store Use","Normal Families","Infrequent Customers"
I,1999,5,NULL,3554.45,1789,"Store Use",NULL,"New Customers"
I,1999,5,1,1198.62,1039,"Store Use","City Slickers","New Customers"
I,1999,5,2,2576.18,1523,"Store Use","Rich & Richer","New Customers"
I,1999,5,3,3940.9,1883,"Store Use","Mr. & Mrs. Smiths","New Customers"
I,1999,5,4,4.91,66,"Store Use","Blue Collar Royalty","New Customers"
I,1999,5,5,5.99,73,"Store Use","Pinched Pockets","New Customers"
I,1999,5,6,29.92,164,"Store Use","Normal Families","New Customers"
I,2000,1,NULL,397.57,559,"Store Use",NULL,"Elite Customers"
I,2000,1,1,1252.85,993,"Store Use","City Slickers","Elite Customers"
I,2000,1,2,1424.84,1058,"Store Use","Rich & Richer","Elite Customers"
I,2000,1,3,1457.38,1071,"Store Use","Mr. & Mrs. Smiths","Elite Customers"
I,2000,1,4,398.77,560,"Store Use","Blue Collar Royalty","Elite Customers"
I,2000,1,5,1931.01,1232,"Store Use","Pinched Pockets","Elite Customers"
I,2000,1,6,303.38,488,"Store Use","Normal Families","Elite Customers"
I,2000,2,NULL,2291.53,1518,"Store Use",NULL,"Core Customers"
I,2000,2,1,548.22,743,"Store Use","City Slickers","Core Customers"
I,2000,2,2,876.48,939,"Store Use","Rich & Richer","Core Customers"
I,2000,2,3,1918.32,1389,"Store Use","Mr. & Mrs. Smiths","Core Customers"
I,2000,2,4,1.35,37,"Store Use","Blue Collar Royalty","Core Customers"
I,2000,2,5,398.48,633,"Store Use","Pinched Pockets","Core Customers"
I,2000,2,6,239.84,491,"Store Use","Normal Families","Core Customers"
I,2000,3,NULL,464.64,683,"Store Use",NULL,"Power Shoppers"
I,2000,3,1,2225.1,1495,"Store Use","City Slickers","Power Shoppers"
I,2000,3,2,304,553,"Store Use","Rich & Richer","Power Shoppers"
I,2000,3,3,43.58,209,"Store Use","Mr. & Mrs. Smiths","Power Shoppers"
I,2000,3,4,1308.73,1146,"Store Use","Blue Collar Royalty","Power Shoppers"
I,2000,3,5,472.17,689,"Store Use","Pinched Pockets","Power Shoppers"
I,2000,3,6,13.68,117,"Store Use","Normal Families","Power Shoppers"
I,2000,4,NULL,479.52,666,"Store Use",NULL,"Infrequent Customers"
I,2000,4,1,1928.82,1335,"Store Use","City Slickers","Infrequent Customers"
I,2000,4,2,44.99,204,"Store Use","Rich & Richer","Infrequent Customers"
I,2000,4,3,380.43,593,"Store Use","Mr. & Mrs. Smiths","Infrequent Customers"
I,2000,4,4,1798.52,1289,"Store Use","Blue Collar Royalty","Infrequent Customers"
I,2000,4,5,3.83,59,"Store Use","Pinched Pockets","Infrequent Customers"
I,2000,4,6,193.37,423,"Store Use","Normal Families","Infrequent Customers"
I,2000,5,NULL,4061.39,1935,"Store Use",NULL,"New Customers"
I,2000,5,1,1369.57,1124,"Store Use","City Slickers","New Customers"
I,2000,5,2,2943.6,1647,"Store Use","Rich & Richer","New Customers"
I,2000,5,3,4502.96,2038,"Store Use","Mr. & Mrs. Smiths","New Customers"
I,2000,5,4,5.61,72,"Store Use","Blue Collar Royalty","New Customers"
I,2000,5,5,6.84,79,"Store Use","Pinched Pockets","New Customers"
I,2000,5,6,34.19,178,"Store Use","Normal Families","New Customers"
J,1999,1,NULL,6577.58,2019,Misc,NULL,"Elite Customers"
J,1999,1,1,20727.7,3584,Misc,"City Slickers","Elite Customers"
J,1999,1,2,23573.2,3822,Misc,"Rich & Richer","Elite Customers"
J,1999,1,3,24111.5,3865,Misc,"Mr. & Mrs. Smiths","Elite Customers"
J,1999,1,4,6597.48,2022,Misc,"Blue Collar Royalty","Elite Customers"
J,1999,1,5,31947.6,4449,Misc,"Pinched Pockets","Elite Customers"
J,1999,1,6,5019.33,1764,Misc,"Normal Families","Elite Customers"
J,1999,2,NULL,29736.8,4163,Misc,NULL,"Core Customers"
J,1999,2,1,7114.15,2036,Misc,"City Slickers","Core Customers"
J,1999,2,2,11374,2575,Misc,"Rich & Richer","Core Customers"
J,1999,2,3,24893.7,3809,Misc,"Mr. & Mrs. Smiths","Core Customers"
J,1999,2,4,17.51,101,Misc,"Blue Collar Royalty","Core Customers"
J,1999,2,5,5171.04,1736,Misc,"Pinched Pockets","Core Customers"
J,1999,2,6,3112.33,1347,Misc,"Normal Families","Core Customers"
J,1999,3,NULL,5591.03,1776,Misc,NULL,"Power Shoppers"
J,1999,3,1,26774.7,3886,Misc,"City Slickers","Power Shoppers"
J,1999,3,2,3658.05,1436,Misc,"Rich & Richer","Power Shoppers"
J,1999,3,3,524.39,544,Misc,"Mr. & Mrs. Smiths","Power Shoppers"
J,1999,3,4,15748,2980,Misc,"Blue Collar Royalty","Power Shoppers"
J,1999,3,5,5681.67,1790,Misc,"Pinched Pockets","Power Shoppers"
J,1999,3,6,164.67,305,Misc,"Normal Families","Power Shoppers"
J,1999,4,NULL,9799.02,2354,Misc,NULL,"Infrequent Customers"
J,1999,4,1,39415.3,4722,Misc,"City Slickers","Infrequent Customers"
J,1999,4,2,919.41,721,Misc,"Rich & Richer","Infrequent Customers"
J,1999,4,3,7773.99,2097,Misc,"Mr. & Mrs. Smiths","Infrequent Customers"
J,1999,4,4,36752.8,4559,Misc,"Blue Collar Royalty","Infrequent Customers"
J,1999,4,5,78.24,210,Misc,"Pinched Pockets","Infrequent Customers"
J,1999,4,6,3951.57,1495,Misc,"Normal Families","Infrequent Customers"
J,1999,5,NULL,29709.4,3997,Misc,NULL,"New Customers"
J,1999,5,1,10018.5,2321,Misc,"City Slickers","New Customers"
J,1999,5,2,21532.7,3403,Misc,"Rich & Richer","New Customers"
J,1999,5,3,32939.6,4209,Misc,"Mr. & Mrs. Smiths","New Customers"
J,1999,5,4,41.06,149,Misc,"Blue Collar Royalty","New Customers"
J,1999,5,5,50.07,164,Misc,"Pinched Pockets","New Customers"
J,1999,5,6,250.1,367,Misc,"Normal Families","New Customers"
J,2000,1,NULL,5934.17,1670,Misc,NULL,"Elite Customers"
J,2000,1,1,18700.2,2964,Misc,"City Slickers","Elite Customers"
J,2000,1,2,21267.3,3161,Misc,"Rich & Richer","Elite Customers"
J,2000,1,3,21753,3197,Misc,"Mr. & Mrs. Smiths","Elite Customers"
J,2000,1,4,5952.13,1672,Misc,"Blue Collar Royalty","Elite Customers"
J,2000,1,5,28822.6,3680,Misc,"Pinched Pockets","Elite Customers"
J,2000,1,6,4528.35,1459,Misc,"Normal Families","Elite Customers"
J,2000,2,NULL,22293.3,3661,Misc,NULL,"Core Customers"
J,2000,2,1,5333.39,1791,Misc,"City Slickers","Core Customers"
J,2000,2,2,8526.93,2264,Misc,"Rich & Richer","Core Customers"
J,2000,2,3,18662.5,3350,Misc,"Mr. & Mrs. Smiths","Core Customers"
J,2000,2,4,13.13,89,Misc,"Blue Collar Royalty","Core Customers"
J,2000,2,5,3876.66,1527,Misc,"Pinched Pockets","Core Customers"
J,2000,2,6,2333.27,1185,Misc,"Normal Families","Core Customers"
J,2000,3,NULL,4360.98,1618,Misc,NULL,"Power Shoppers"
J,2000,3,1,20884.2,3541,Misc,"City Slickers","Power Shoppers"
J,2000,3,2,2853.27,1309,Misc,"Rich & Richer","Power Shoppers"
J,2000,3,3,409.02,496,Misc,"Mr. & Mrs. Smiths","Power Shoppers"
J,2000,3,4,12283.3,2715,Misc,"Blue Collar Royalty","Power Shoppers"
J,2000,3,5,4431.69,1631,Misc,"Pinched Pockets","Power Shoppers"
J,2000,3,6,128.44,278,Misc,"Normal Families","Power Shoppers"
J,2000,4,NULL,8050.79,2109,Misc,NULL,"Infrequent Customers"
J,2000,4,1,32383.3,4229,Misc,"City Slickers","Infrequent Customers"
J,2000,4,2,755.38,646,Misc,"Rich & Richer","Infrequent Customers"
J,2000,4,3,6387.05,1878,Misc,"Mr. & Mrs. Smiths","Infrequent Customers"
J,2000,4,4,30195.8,4084,Misc,"Blue Collar Royalty","Infrequent Customers"
J,2000,4,5,64.28,188,Misc,"Pinched Pockets","Infrequent Customers"
J,2000,4,6,3246.58,1339,Misc,"Normal Families","Infrequent Customers"
J,2000,5,NULL,28608.1,3970,Misc,NULL,"New Customers"
J,2000,5,1,9647.16,2306,Misc,"City Slickers","New Customers"
J,2000,5,2,20734.5,3380,Misc,"Rich & Richer","New Customers"
J,2000,5,3,31718.5,4181,Misc,"Mr. & Mrs. Smiths","New Customers"
J,2000,5,4,39.53,148,Misc,"Blue Collar Royalty","New Customers"
J,2000,5,5,48.21,163,Misc,"Pinched Pockets","New Customers"
J,2000,5,6,240.83,364,Misc,"Normal Families","New Customers"
